カテゴリ,企業名,企業概要（1行）,AIコンサルとして入れそうな理由,フォローすべき役職,確認できた個人名と役職（あれば）,出典URL,LinkedInページURLまたは検索URL,優先度
Sunwayグループ,Sunway Lost World of Tambun,イポー・タンブンの温泉付きテーマパーク（2004年開業、Sunway Theme Parks運営）,日本人・中国人観光客向けの多言語チャットボット、天候・祝日を入れた入場者数とチケット需要の予測、温泉・ホテル・パークをまたぐ動的価格設定。Tambun在住経験がそのまま話の糸口になる。,"General Manager, Head of Sales & Marketing, Digital Marketing Manager, Operations Manager, IT Manager",,https://en.wikipedia.org/wiki/Lost_World_of_Tambun https://malaymail.com/news/life/2024/06/28/sunway-lost-world-of-tambun-listed-on-tripadvisors-travellers-choice-awards-2024/141991 https://jobs.sunway.com.my/business/sunway-leisure,https://www.linkedin.com/search/results/companies/?keywords=Sunway%20Lost%20World%20of%20Tambun,A
Sunwayグループ,Sunway Theme Parks,Sunway Leisure傘下のテーマパーク事業（Sunway Lagoon・Lost World of Tambun）,2つのパークにまたがる来場データを使った需要予測とスタッフ配置の最適化、口コミ・レビューの自動分析。パーク横断のAI導入を統括する立場に提案しやすい。,"Executive Director, Head of Digital, Marketing Director, Revenue Manager, Guest Experience Manager","Calvin Ho – Executive Director, Sunway Theme Parks (2024)",https://acesawards.com/leaders/calvin-ho https://theceomagazine.com/executive-interviews/entertainment-leisure/calvin-ho https://jobs.sunway.com.my/business/sunway-leisure,https://www.linkedin.com/search/results/companies/?keywords=Sunway%20Theme%20Parks,A
Sunwayグループ,Sunway Lagoon,スバンジャヤの88エーカー・90超のアトラクションをもつマレーシア初のテーマパーク（1992年開業）,待ち時間の予測と混雑の分散、AIによるイベント企画と販促文の多言語化、年間パス会員の離脱予測。,"General Manager, Head of Marketing, CRM Manager, Ticketing Manager, IT Manager",,https://en.wikipedia.org/wiki/Sunway_Lagoon https://theedgemalaysia.com/content/advertise/sunway-lagoon-malaysias-heritage-theme-park,https://www.linkedin.com/search/results/companies/?keywords=Sunway%20Lagoon,A
Sunwayグループ,Sunway Leisure,Sunwayのレジャー部門（テーマパーク・ホテルなどを束ねる）,部門全体でのAI活用方針の策定、社内文書・SOPを読むナレッジボット、問い合わせ窓口の自動化。TDCXでのサポート業務の経験が活きる。,"CEO, Head of Strategy, Digital Transformation Lead, Customer Service Manager",,https://jobs.sunway.com.my/business/sunway-leisure https://sunway.com.my/what-we-do/leisure,https://www.linkedin.com/search/results/companies/?keywords=Sunway%20Leisure,A
Sunwayグループ,Sunway Malls,Sunway Pyramidなど11モールを運営し、Sunway Ipohモールも計画中,来館者の流れの分析、テナント売上の予測、Sunway Pals会員データを使ったパーソナライズ販促。Sunway Ipohモールの開業準備も入り口になる。,"CEO, Head of Digital, Marketing Director, Data Analytics Manager, Centre Manager","HC Chan – CEO, Sunway Malls (Bernama 2025)",https://bernama.com/en/news.php?id=2511935 https://www.businesstoday.com.my/2025/04/28/sunway-malls-to-open-sunway-square-mall-as-new-hub-for-education-and-leisure/,https://www.linkedin.com/search/results/companies/?keywords=Sunway%20Malls,A
Sunwayグループ,Sunway Hotels & Resorts,Sunwayのホテル事業（Sunway Lost World Hotel・Onsen Suitesなどタンブンの宿泊施設を含む）,客室単価の動的設定、日本語での予約・問い合わせ対応AI、レビューの感情分析。,"CEO, Director of Revenue Management, Director of Sales & Marketing, Cluster General Manager (Ipoh)",,https://www.ttgasia.com/2018/04/18/sunway-hotels-resorts-brings-on-andre-scholl-as-ceo/ https://bookitbutton.booking.com/hotel/my/lost-world.en-gb.html https://kr.hotels.com/en/ho3882050656/,https://www.linkedin.com/search/results/companies/?keywords=Sunway%20Hotels%20%26%20Resorts,B
Sunwayグループ,Sunway iLabs,Sunwayのイノベーション拠点。JETROと組んで日本のAI・ディープテック企業のマレーシア進出を支援,JETROと進めるJ-StarX MYTech 2025（日本のAIスタートアップ向け）があり、日英バイリンガルのAIコンサルは日本企業とSunway事業部との橋渡し役を担える。いちばん自然な入り口。,"Chief Innovation Officer, Programme Manager, Venture Partner, Corporate Innovation Manager","Matt van Leeuwen – Chief Innovation Officer, Sunway Group / CEO, Sunway iLabs (2025)",https://technode.global/2025/08/05/sunway-ilabs-and-cradle-launch-deep-tech-ventures-lab-to-accelerate-malaysias-innovation-ecosystem/ https://www.digitalnewsasia.com/startups/sunway-ilabs-jetro-prepare-four-ai-and-deeptech-japanese-startups-entry-malaysia-and-asean https://stories.sunway.com.my/giving-start-ups-a-foothold-ilabs-and-jetros-partnership-for-innovation/,https://www.linkedin.com/search/results/companies/?keywords=Sunway%20iLabs,A
Sunwayグループ,Sunway Berhad (Sunway Group),不動産・建設・ヘルスケア・レジャーなどを手がけるマレーシアの大手コングロマリット,副社長がグループのデジタル変革を直接担っている。事業部をまたぐ生成AI導入の方針づくりや研修を提案できる。,"Deputy President, Group CIO, Head of Digital Transformation, Head of Data & AI",Evan Cheah – Deputy President（2025年1月2日〜、グループのデジタル変革を担当）(2024年発表),https://sunway.com.my/media/press-release/sunway-group-appoints-anuar-taib-as-deputy-president https://nst.com.my/amp/business/corporate/2024/12/1154624/sunway-group-names-former-sapura-energy-chief-deputy-president https://www.starproperty.my/news/sunway-group-sees-series-of-changes-to-the-senior-management/130863,https://www.linkedin.com/search/results/companies/?keywords=Sunway%20Group,A
Sunwayグループ,Sunway Super App / Sunway Pals,"Sunwayの全事業と1,500超の加盟店をまとめるスーパーアプリと会員プログラム（電子財布つき）",アプリ内のAIコンシェルジュ、会員の購買データからのおすすめ、テーマパークのチケット販売との連動。,"Head of Digital Products, Product Manager, CRM / Loyalty Manager, Data Scientist",,https://www.marketing-interactive.com/sunway-launches-super-app-equipped-with-digital-wallet https://says.com/my/tech/sunway-super-app-launch https://prnewswire.co.uk/news-releases/sunway-celebrates-its-40th-anniversary-with-the-launch-of-its-new-loyalty-programme-powered-by-fusionex-249684291.html,https://www.linkedin.com/search/results/companies/?keywords=Sunway%20Super%20App,B
Sunwayグループ,Sunway Money,Sunway Ventures傘下の電子送金サービス,多言語のカスタマーサポートAI、不正検知、問い合わせ内容の自動分類。,"General Manager, Compliance Manager, Customer Service Manager, Product Manager",,https://www.sunway.com.my/what-we-do/investment-financial-services/,https://www.linkedin.com/search/results/companies/?keywords=Sunway%20Money,C
Sunwayグループ,Sunway City Ipoh,タンブンの総合タウンシップ（Lost World・ホテル・住宅・計画中のSunway Ipohモール）,タウン全体の観光客の流れと需要の分析、ペラ州の観光振興とつないだAIマーケティング。Ipoh・Tambun在住の経験が強みになる。,"General Manager (Sunway City Ipoh), Township Manager, Sales & Marketing Manager",,https://api.edgeprop.my/content/sunway-city-ipoh-open-luxury-retreat-and-budget-hotels https://bernama.com/en/news.php?id=2511935,https://www.linkedin.com/search/results/companies/?keywords=Sunway%20City%20Ipoh,A
Sunwayグループ,Sunway REIT,Sunwayのモール・ホテルなどを持つ上場REIT,モールとホテルの稼働・賃料の予測、資産管理の報告書づくりの自動化。,"CEO, Head of Asset Management, Investor Relations Manager","Derek Teh Wan Wei – CEO, Sunway REIT (effective 1 Dec 2025; NST 2025)",https://www.nst.com.my/amp/business/corporate/2025/12/1327889/sunway-reit-appoints-teh-wan-wei-ceo https://www.edgeprop.my/content/1914638/mrma-vice-chairman-derek-teh-appointed-sunway-reit’s-new-ceo,https://www.linkedin.com/search/results/companies/?keywords=Sunway%20REIT,C
テーマパーク・レジャー,Genting Malaysia Berhad (Resorts World Genting),ゲンティンハイランドの統合型リゾートを運営。デジタル変革計画とAGIBOTとのAIロボット提携を進めている,Genting Integrated Transformation ProgramでAI・機械学習・デジタル財布を推進中。日本人客向けの多言語化やAI施策の企画支援に入りやすい。,"Deputy CEO, SVP Technology, Head of Digital, Head of Data & AI, Theme Park Director",Lim Keong Hui – Deputy Chief Executive & Executive Director（2019年〜。2025年からGenting Plantations CEOも兼任）,https://www.ggrasia.com/genting-malaysia-agibot-tie-to-advance-ai-robotics-in-hospitality https://www.salesforce.com/ap/customer-success-stories/genting-malaysia/ https://news.worldcasinodirectory.com/genting-malaysia-berhad-names-new-deputy-chief-executive-officer-62321 https://www.genting.com/datoinderalimkh/,https://www.linkedin.com/search/results/companies/?keywords=Genting%20Malaysia%20Berhad,A
テーマパーク・レジャー,Genting SkyWorlds Theme Park,Resorts World Genting内の屋外テーマパーク（約8億米ドル。2025年11月にソフトオープン）,開業したばかりで、需要予測・年間パス会員の分析・多言語ゲスト対応など、運営データの仕組みを立ち上げる段階にある。,"General Manager, Park Operations Director, Marketing Manager, Revenue Manager",,https://theedgemalaysia.com/article/resorts-world-genting-invests-over-us800m-genting-skyworlds-targeted-open-mid-year https://www.rli.uk.com/skyworlds-opens-its-doors https://says.com/my/lifestyle/genting-skyworlds-releases-2025-annual-pass,https://www.linkedin.com/search/results/companies/?keywords=Genting%20SkyWorlds,A
テーマパーク・レジャー,LEGOLAND Malaysia Resort,ジョホール州のレゴランド（テーマパーク・ウォーターパーク・ホテル）,シンガポール・日本からの家族客向けの多言語チャットボット、JS-SEZ（ジョホール・シンガポール経済特区）による需要増を見込んだ需要予測。,"Vice President / Divisional Director, Head of Sales & Marketing, Revenue Manager, Guest Experience Manager","CS Lim – Vice President, LEGOLAND Malaysia (2025)",https://kpl.gov.la/En/detail.aspx?id=88774 https://thesun.my/news/malaysia-news/legoland-malaysia-invests-rm40m-in-maintenance-and-new-attractions-kf10730219/,https://www.linkedin.com/search/results/companies/?keywords=LEGOLAND%20Malaysia%20Resort,B
テーマパーク・レジャー,Adventure Waterpark Desaru Coast (TAR Riverwalk Sdn Bhd),デサルコーストの東南アジア最大級の造波プールをもつウォーターパーク,天候に左右される入場者の予測、周辺のリゾートホテルと連動したパッケージ販売の最適化。,"General Manager, Sales & Marketing Manager, Operations Manager",,https://matfa.org.my/company/tar-riverwalk-sdn-bhd/ https://theiskandarian.com/adventure-waterpark-desaru-coast-reopens-with-rm50-day-pass-for-everyone/,https://www.linkedin.com/search/results/companies/?keywords=Adventure%20Waterpark%20Desaru%20Coast,B
テーマパーク・レジャー,Desaru Development Holdings One (Desaru Coast),"Khazanah系の3,900エーカーのリゾート開発デサルコーストのマスターデベロッパー",リゾート一帯の観光データの統合、海外客の誘致マーケティングのAI化。,"CEO, Head of Destination Marketing, Strategy Manager",,https://theedgemalaysia.com/article/desaru-coast-adventure-waterpark-slated-open-mid2018 https://www.attractionsmanagement.com/attractions-news/Desaru-Coast-Adventure-Waterpark-Malaysia-Desaru-Coast-/335512,https://www.linkedin.com/search/results/companies/?keywords=Desaru%20Coast,C
テーマパーク・レジャー,Sim Leisure Group (ESCAPE Penang),ESCAPE PenangとKidZania KLを運営するマレーシア発のテーマパーク会社（SGX上場）。ペラ州バトゥガジャにも新しいESCAPEを計画,イポー近郊のESCAPE Perak計画があり、ペラ在住の経験を活かせる。複数パークの来場予測や、海外展開に向けた多言語マーケティングを提案できる。,"Founder & CEO, Chief Operating Officer, Park General Manager, Marketing Director","Sim Choo Kheng – Founder & Chief Executive, Sim Leisure Group (2023)",https://www.ttgasia.com/2023/03/07/theme-park-brand-escape-expands-in-malaysia/ https://www.theedgemarkets.com/article/kidzania-kl-owner-construct-and-operate-new-escape-theme-park-perak https://links.sgx.com/1.0.0/corporate-announcements/PBCP3PT6EAMUA62M/795095_SLG%20Annual%20Report%202023_final.pdf,https://www.linkedin.com/search/results/companies/?keywords=Sim%20Leisure%20Group,A
テーマパーク・レジャー,KidZania Kuala Lumpur,子ども向け職業体験施設（2020年からSim Leisure Groupの運営）,学校団体の予約の需要予測、保護者向けの多言語対応、体験内容をAIで個別化。,"General Manager, Sales Manager (Schools), Marketing Manager",,https://www.eap-magazin.de/Article/Malaysia%3A-Sim-Leisure-Group-Strives-for-Acquisition-of-KidZania-Kuala-Lumpur.html https://links.sgx.com/1.0.0/corporate-announcements/PBCP3PT6EAMUA62M/795095_SLG%20Annual%20Report%202023_final.pdf,https://www.linkedin.com/search/results/companies/?keywords=KidZania%20Kuala%20Lumpur,B
テーマパーク・レジャー,Berjaya Times Square Theme Park,KL中心部のモール内にある屋内テーマパーク（Berjaya Times Square）,モールと屋内パークを合わせた来場者の分析、観光客向け販促の多言語化（Berjaya Land系）。,"General Manager, Marketing Manager, Operations Manager",,https://rcdb.com/5129.htm https://www.malaysia-traveller.com/times-square-theme-park.html,https://www.linkedin.com/search/results/companies/?keywords=Berjaya%20Times%20Square%20Theme%20Park,C
テレビ・メディア,Astro Malaysia Holdings Berhad,マレーシア最大の有料TV・ラジオ・配信・デジタル企業（Astro、Astro GO、NJOI、sooka、KULTなど）,多言語（マレー語・中国語・タミル語・英語）のAI字幕・吹き替え、視聴データを使ったおすすめ機能、Astro Media Solutions向けの生成AI広告制作を支援できる。2026年7月に新設された「デジタル成長」部門は、AI導入の窓口として狙い目。,"AI Consultant, Head of Data & AI, Digital Transformation Lead, Product Manager (Personalisation), Content Localisation Lead",Henry Tan Poh Hock – Interim Group CEO from 16 Jun 2026 (2026) / Rene Menezes – Chief Digital Growth Officer (2026) / Tai Kam Leong – Chief Commercial Officer (2026) / Christinne Lim – Chief Marketing Officer (2026) / Laila Saat – Chief Regulatory & Corporate Affairs Officer (2026),https://www.businesstoday.com.my/2026/06/08/astro-ceo-euan-smith-steps-down-henry-tan-returns-to-lead-group/ https://bernama.com/en/news.php?id=2565917 https://corporate.astro.com.my/mediaroom-releases/astro-strengthens-leadership-structure-accelerate-next-phase-growth https://www.marketing-interactive.com/astro-names-new-marketing-commercial-and-digital-chiefs https://marketech-apac.com/astro-group-ceo-euan-smith-steps-down-leadership-transition-underway/ https://www.astro.com.my/AR2025/images/pdf/Chairmans-Statement.pdf,https://www.linkedin.com/search/results/companies/?keywords=Astro%20Malaysia%20Holdings,A
テレビ・メディア,sooka (Astro),Astroのスマホ中心の配信サービス（スポーツ・ローカルドラマ・独自番組、無料／有料）,視聴者ごとのおすすめ、解約しそうな人の予測、AIでのハイライト切り出しや多言語字幕で、配信の運営を速く安くできる。,"Product Manager, Data Scientist (Recommendation), AI Consultant, Growth Lead",,https://theedgemarkets.com/article/astro-launches-new-streaming-service-sooka https://www.astro.com.my/AR2025/index.html,https://www.linkedin.com/search/results/companies/?keywords=sooka,B
テレビ・メディア,Astro Shaw,Astro傘下の映画・ドラマ制作会社。2025年に「Astro Shaw Cinematic Universe」を発表,生成AIでの絵コンテ・予告編づくり、映画音楽の仮当て（テンプトラック）や音楽ライブラリの自動タグ付けなど、作曲・編曲の経験をそのまま活かせる。,"Head of Production Technology, Post-Production Lead, AI Consultant (Creative), Music Supervisor",Raja Jastina Raja Arshad – Head of Astro Shaw (2025),https://en.wikipedia.org/wiki/Astro_Shaw https://soyacincau.com/?p=380582,https://www.linkedin.com/search/results/companies/?keywords=Astro%20Shaw,A
テレビ・メディア,Media Prima Berhad,国内最大の総合メディア（TV3・TV9・8TV、NST・Berita Harian・Harian Metro、ラジオ、Tonton、屋外広告）,グループ全体へのAI導入をトップが公言している（Berita HarianのAI動画で月700万〜800万回再生）。報道・TV・ラジオの各事業でAIを使った業務を作る相談役として入りやすい。,"Group AI Lead, Digital Transformation Consultant, Head of Innovation, Newsroom AI Editor",Datuk Rafiq Razali – Group Managing Director (2025),https://www.nst.com.my/amp/news/nation/2025/08/1264846/media-primas-rafiq-razali-conferred-datukship https://nst.com.my/amp/business/corporate/2024/10/1113426/media-prima-integrate-ai-tech-across-all-its-companies-year-end https://www.nst.com.my/amp/news/nation/2026/04/1408804/media-prima-mdec-deepen-ties-drive-ai-nation-push,https://www.linkedin.com/search/results/companies/?keywords=Media%20Prima%20Berhad,A
テレビ・メディア,Media Prima Television Networks / Primeworks Studios,TV3などの地上波4局と、番組・映画を作るPrimeworks Studios,ドラマ・CMの劇伴やジングルづくりへの生成AI導入、昔の番組へのAI字幕付けと海外販売用の吹き替えが提案できる（CM・ラジオドラマの作曲経験が直接効く）。,"Head of Content Technology, Post-Production Manager, AI Consultant (Creative Production), Content Sales/Localisation","Nini Yusof – CEO, Media Prima Television Networks & Primeworks Studios (2025) / Amir Rasyidi Johari – COO, TV3 & Tonton (year not stated)",https://www.contentasia.tv/features/strong-year-end-malaysias-media-prima-tv-networks-ceo-nini-yusof-highlights-2025-wins-new https://asiatechxsg.com/broadcastasia/speakers/amir-rasyidi-johari,https://www.linkedin.com/search/results/companies/?keywords=Primeworks%20Studios,A
テレビ・メディア,"Media Prima Audio (Hot FM, Fly FM, Kool 101, Molek FM, Eight FM)",Media Primaのラジオ部門。Hot FMは聴取率1位。Fly FMはマレーシア初のAI DJ「Aina Sabrina」を始めた,AI DJ・AIスタジオがすでに動いているので、AI音声のつくり込み、ジングル・BGMの生成、広告音声の自動制作に作曲家の耳で入れる。いちばん噛み合う相手。,"AI Audio Producer, Creative Technologist, Sound/Music Director, AI Consultant","Nazri Noran – CEO (appointed 2021 as CEO of RIPPLE, the former name of Media Prima Audio; 2025 coverage still lists him)",https://marketingmagazine.com.my/?p=106643 https://www.marketing-interactive.com/local-radio-station-introduces-malaysias-first-ai-powered-dj https://www.nst.com.my/amp/lifestyle/groove/2025/02/1175078/showbiz-mpas-new-studio-driven-ai-technology,https://www.linkedin.com/search/results/companies/?keywords=Media%20Prima%20Audio,A
テレビ・メディア,Tonton (Media Prima),Media Primaの動画配信サービス,おすすめ機能、AIで作る短尺の切り抜き、自動の字幕・メタデータ付けで、視聴の伸びと運営の手間を両方改善できる。,"Product Manager, Data Scientist, AI Consultant","Amir Rasyidi Johari – COO, TV3 & Tonton (year not stated)",https://asiatechxsg.com/broadcastasia/speakers/amir-rasyidi-johari,https://www.linkedin.com/search/results/companies/?keywords=Tonton%20Media%20Prima,B
テレビ・メディア,Radio Televisyen Malaysia (RTM),国営放送（TV・ラジオ、配信アプリRTMKlik）。報道で「AIを使って放送を強くする」と出ている,多言語の自動字幕、昔の映像・音声にAIで索引を付ける作業、RTMKlikのおすすめ機能などで、国営放送の作り直しを手伝える。,"AI Advisor, Digital Broadcasting Consultant, Archive Digitisation Lead",Ashwad Ismail – Ketua Pengarah Penyiaran / Director-General of Broadcasting (2026) / Dr. Sharifah Adlina Syed Abdullah – Deputy Director-General (Strategic) (2026),https://berita.rtm.gov.my/?p=505649 https://berita.rtm.gov.my/?p=504369 https://berita.rtm.gov.my/nasional/senarai-berita-nasional/senarai-artikel/rtm-perkukuh-penyiaran-dengan-segmen-baharu-teknologi-ai/,https://www.linkedin.com/search/results/companies/?keywords=Radio%20Televisyen%20Malaysia,B
テレビ・メディア,BERNAMA (Malaysian National News Agency),国営通信社（通信配信・Bernama TV・ラジオ）,記事の自動翻訳・要約、TVニュースへのAI字幕、昔の記事や映像の検索でAIが使える。,"AI Consultant, Newsroom Technology Lead, Data Editor",Datin Paduka Nur-ul Afida Kamaludin – CEO (term extended from 16 Dec 2024 for two years; 2024/2025),https://bernama.com/corporate/index.php https://www.malaymail.com/amp/news/malaysia/2024/03/01/nur-ul-afidas-appointment-as-bernama-ceo-major-recognition-for-women-journalists-says-nie-ching/120898,https://www.linkedin.com/search/results/companies/?keywords=BERNAMA,B
テレビ・メディア,Star Media Group Berhad,英字紙The Starを出す会社。デジタル・イベント事業も持つ,記事の要約・翻訳、読者ごとの記事のおすすめ、広告の文と絵を生成AIで作る仕組みで、新聞のデジタル化を後押しできる。,"AI Consultant, Head of Digital, Product Manager, Data Analyst",Chan Seng Fatt – CEO (2026) / Lydia Wang – COO (year not stated),https://www.thestar.com.my/news/nation/2026/07/01/star-media-group-ceo-reappointed-mnpa-honorary-secretary https://marketech-apac.com/star-media-group-promotes-lydia-wang-as-chief-operating-officer/,https://www.linkedin.com/search/results/companies/?keywords=Star%20Media%20Group,B
テレビ・メディア,Media Chinese International Ltd / Sin Chew Media Corporation,中国語紙「星洲日報」などを出す中国語メディアの最大手（香港上場）,中国語・マレー語・英語の自動翻訳、記事から動画・音声版を作るAI、日本関連の記事（観光・企業）の自動制作で、3言語のコンテンツづくりを助けられる。,"AI Consultant, Content Strategy Lead, Digital Product Manager","Tan Lee Chin – Group COO, Content & Strategy (year not stated) / Eugene Wong – Executive Director, MCIL & Sin Chew Media Corporation (year not stated) / Tiong Choon – Chairman, MCIL (since Dec 2022; 2025 filing)",https://www.marketing-interactive.com/sin-chew-media-content-strategy-role https://www.hkexnews.hk/listedco/listconews/sehk/2025/0716/2025071600287.pdf,https://www.linkedin.com/search/results/companies/?keywords=Sin%20Chew%20Media%20Corporation,B
テレビ・メディア,Karangkraf Media Group (Sinar Harian / Sinar Daily),マレー語の大手出版・メディアグループ（Sinar Harian、Sinar Daily、Grup Buku Karangkraf）,マレー語記事の要約・翻訳、動画の自動化、出版物のAIでの編集補助で、紙からデジタルへの移行を支えられる。,"AI Consultant, Digital Media Lead, Editorial Technology","Farah Hussamuddin – Executive Director/CEO/Publisher, media unit (Sinar Harian & Sinar Daily) (2022) / Firdaus Hussamuddin – Group Chairman (2022)",https://www.marketing-interactive.com/karangkraf-media-group-hussamuddin-resigns https://www.sinarharian.com.my/ampArticle/783081,https://www.linkedin.com/search/results/companies/?keywords=Karangkraf,C
テレビ・メディア,"Media Mulia Sdn Bhd (Utusan Malaysia, Kosmo!, The Malaysian Reserve)",Utusan Malaysia・Kosmo!などマレー語紙と英字経済紙を出す会社,記事の音声化・動画化、マレー語と英語の自動翻訳、広告の文をAIで作る仕組みで、紙面の外での稼ぎを増やせる。,"AI Consultant, Digital Editor, Product Manager",,https://www.utusan.com.my/nasional/2025/10/media-mulia-raih-kejayaaan-amj-2025/ https://ifj.org/media-centre/news/detail/article/malaysia-utusan-returns-after-a-nine-month-shutdown,https://www.linkedin.com/search/results/companies/?keywords=Media%20Mulia,C
テレビ・メディア,BFM 89.9 (BFM Media),独立系の経済・ビジネス専門ラジオ。ポッドキャストも大量に出している,ポッドキャストの自動文字起こし・要約・章分け、AI音声での多言語版、ジングル・BGMの生成で、作曲とテックサポートの両方の経験が活きる。AI関連の番組に出演して人脈を作る道もある。,"AI Consultant, Podcast Producer, Audio Technologist, Guest Contributor",Malek Ali – Founder (earlier coverage also calls him CEO / Managing Director; current title for 2025-26 not confirmed),https://bfm.my/podcast/morning-run/pressing-matters/bfm-media-15-years-malek-ali- https://radioinfo.asia/news/interview-malek-ali-ceo-bfm-malaysias-business-station/,https://www.linkedin.com/search/results/companies/?keywords=BFM%20Media,A
テレビ・メディア,Malaysiakini (Mkini Group / KiniTV),4言語で出しているネットの有力ニュースメディア（KiniTVを含む）,4言語の自動翻訳と要約、動画へのAI字幕で、少ない人数でも多言語で出し続けられるようにできる。,"AI Consultant, Product/Tech Lead, Data Journalist","Premesh Chandran – co-founder; left executive roles in 2022, still a director/co-owner; founded AI company Awatar Innovations in 2024 (2025 source)",https://cphconference2025.mediasupport.org/?p=216 https://www.telummedia.com/th/public/news/premesh-chandran-steps-down-from-malaysiakini/pzl0384ol2,https://www.linkedin.com/search/results/companies/?keywords=Malaysiakini,C
テレビ・メディア,Les' Copaque Production Sdn Bhd,『Upin & Ipin』の制作会社。Netflixで配信中で、2025年にゲンティンでテーマパーク開業を発表,日本語を含む多言語の吹き替え・字幕をAIで作れば日本など海外へ売りやすくなる。劇伴・効果音のライブラリにAIでタグを付け、制作を速くする案も出せる（アニメ音楽の経験が効く）。,"Localisation Lead, AI Consultant (Animation Pipeline), Music/Audio Director, Business Development (Japan)",Datuk Burhanuddin Md Radzi – Founder & Managing Director (2025),https://en.wikipedia.org/wiki/Les%27_Copaque_Production https://www.nst.com.my/amp/lifestyle/groove/2025/12/1337643/showbiz-upin-ipin-theme-park-open-genting-highlands https://sme100.asia/event/hall-of-fame-2025/malaysia-winners-2025/les-copaque-production-sdn-bhd/ https://www.gamedeveloper.com/press-release/upin-ipin-universe-set-to-launch-july-17th-on-consoles-and-pc https://www.businesstoday.com.my/2025/12/12/upin-ipin-theme-park-planned-for-genting-highlands/,https://www.linkedin.com/search/results/companies/?keywords=Les%27%20Copaque%20Production,A
テレビ・メディア,Monsta Studios (formerly Animonsta Studios),『BoBoiBoy』の制作会社。44か国の放送局に配給し、ゲームや商品化にも広げている,AIでの吹き替え・字幕、3DCGの制作補助、作品の音楽とキャラクターの声の管理で、海外展開を速くできる。,"AI Consultant (Animation), Localisation Manager, Audio Lead, Business Development",Nizam Razak – Co-founder & CEO (2023),https://en.wikipedia.org/wiki/Monsta_Studios https://en.wikipedia.org/wiki/Nizam_Razak https://www.malaymail.com/news/malaysia/2024/04/16/animation-studio-monsta-working-with-google-youtube-to-restore-hacked-youtube-account/129144 https://en.wikipedia.org/wiki/Papa_Zola_The_Movie,https://www.linkedin.com/search/results/companies/?keywords=Monsta%20Studios,A
テレビ・メディア,Polygon Pictures Malaysia (formerly Silver Ant),日本のポリゴン・ピクチュアズの子会社になったマレーシアの3DCGアニメ会社（旧Silver Ant、2022年に社名変更）,親会社が日本なので、日英2か国語でAIの作業工程づくり（制作の自動化、日本との連絡の効率化）の橋渡し役になれる。日本人の強みがいちばん出る相手。,"Pipeline TD, AI Consultant, Production Coordinator (JP/EN), Producer",,https://cdn.animenewsnetwork.com/news/2022-11-21/polygon-pictures-buys-more-shares-renames-malaysia-studio-to-polygon-pictures-malaysia/.192131 https://ppi-my.com/careers,https://www.linkedin.com/search/results/companies/?keywords=Polygon%20Pictures%20Malaysia,A
テレビ・メディア,Lemon Sky Studios,ゲームとアニメの3DCGを外注で作る大手（iCandy Interactive傘下）,生成AIを3Dの素材づくりやテクスチャ制作の工程に組み込み、品質を保つ仕組みの相談に乗れる。経営が入れ替わる途中なので、新しい提案が通りやすい時期でもある。,"AI Pipeline Consultant, Technical Director, Producer","Kin Wai Lau – Executive Director, named to oversee the leadership transition (2024)",https://en.wikipedia.org/wiki/Lemon_Sky_Studios https://announcements.asx.com.au/asxpdf/20240829/pdf/067713f86dv6yx.pdf https://icandy.io/wp-content/uploads/2026/04/ICI-27Mar2026-iCandy-Investor-Webinar-Presentation.pdf https://www.lemonskystudios.com/about,https://www.linkedin.com/company/lemonskystudios,B
テレビ・メディア,Giggle Garage,サイバージャヤにある子ども・家族向けの3Dアニメ制作会社,小さいスタジオなので、AIでの絵コンテ・声・音楽づくりがそのまま費用の削減になる。作曲経験と組み合わせた提案がしやすい。,"AI Consultant, Audio/Music Producer, Production Manager","Zeno Gabing & Juhaidah Joemin – Founders (company site, year not stated)",https://www.gigglegarage.com/?p=39 https://www.gigglegarage.com/services,https://www.linkedin.com/search/results/companies/?keywords=Giggle%20Garage,C
音楽・ライブ・イベント,Live Nation Malaysia (formerly PR Worldwide live division),PR Worldwideを買収して設立されたLive Nationのマレーシア法人。国内最大手の海外アーティスト招聘プロモーター。,需要予測による公演日・席種別価格の最適化や、多言語FAQ/チケット問い合わせ対応AIの導入を提案できる。TDCXでのサポート経験と演奏家としての現場感覚が強みになる。,"AI Consultant, Data & Analytics Lead, Marketing Technology Manager, Ticketing Operations","Paramananthan (Para) Rajagopal – Managing Director, Live Nation Malaysia / PR Worldwide (2025)",https://www.iqmagazine.com/?p=452144 https://www.livenationentertainment.com/?p=47327 https://www.theticketingbusiness.com/?p=52192,https://www.linkedin.com/search/results/companies/?keywords=Live%20Nation%20Malaysia,A
音楽・ライブ・イベント,Future Sound Asia,Good Vibes FestivalやSneakerLAHを手がける2001年創業の独立系イベント会社。,出演者ブッキングのための配信データ分析や、来場者の動線・物販の需要予測、SNS用の動画生成を自動化できる。作曲家としてラインナップの音楽性を語れる点が差別化になる。,"AI Consultant, Head of Digital, Festival Operations, Marketing Analytics",Wan Alman – Head of Entertainment (2022),https://www.timeout.com/singapore/news/malaysias-good-vibes-weekender-returns-this-year-with-jackson-wang-cl-and-joe-flizzow-081122 https://thesun.my/malaysia-news/good-vibes-festival-organiser-sues-the-1975-for-rm11-million-after-controversial-performance-in12797780/,https://www.linkedin.com/search/results/companies/?keywords=Future%20Sound%20Asia,A
音楽・ライブ・イベント,Zepp Kuala Lumpur,ソニーミュージック系Zeppのクアラルンプール店。ブキッ・ビンタン・シティ・センターにあるライブハウス。,日系の会場なので、日本語と英語の両方で運営改善AI（予約・入場・問い合わせの自動化、日本のアーティストの公演データ分析）を提案しやすい。日本の音楽業界での経験がそのまま信頼につながる。,"AI Consultant, Venue Operations, Business Development (Japan Desk), Digital Marketing","Shinichiro Honda (本多真一郎) – Director, Zepp Kuala Lumpur (2024)",https://www.jetro.go.jp/biz/areareports/special/2025/0103/6fff5fcd58f2846f.html https://themusicnetwork.com/?p=8506 https://www.gdparchitects.com/all-projects/zepp-kl/,https://www.linkedin.com/search/results/companies/?keywords=Zepp%20Kuala%20Lumpur,A
音楽・ライブ・イベント,Ticket2U Sdn Bhd,2016年創業のマレーシア発チケット販売・イベント管理プラットフォーム。シンガポールとインドネシアにも展開。,転売・不正購入の検知、主催者向けの売上予測ダッシュボード、カスタマーサポートの自動応答など、プロダクトに直接AIを組み込める。TDCXでのテックサポート経験が活きる。,"AI Consultant, Product Manager (AI), Data Scientist, Customer Experience Lead",YC Chia – Founder (source year unclear),https://vulcanpost.com/678679/ticket2u-event-management-ticketing-malaysia https://my.hiredly.com/companies/ticket2u-sdn-bhd,https://www.linkedin.com/search/results/companies/?keywords=Ticket2U,A
音楽・ライブ・イベント,Universal Music Malaysia,UMGのマレーシア法人（本社ペタリンジャヤ）。国内アーティストの育成とレーベル事業を担う。,A&Rでの楽曲・トレンド分析、カタログのメタデータ整理、AI生成楽曲の権利対応の方針づくりを支援できる。プロの作曲家・編曲家としての経験が説得力になる。,"AI Consultant, Digital/Streaming Strategy, A&R Analytics, Business Affairs",Kim Lim – Managing Director (appointed 2021),https://www.musicweek.com/labels/read/universal-music-malaysia-promotes-kim-lim-to-md/083164 https://marketech-apac.com/universal-music-my-sees-new-managing-director-take-charge/,https://www.linkedin.com/search/results/companies/?keywords=Universal%20Music%20Malaysia,A
音楽・ライブ・イベント,Sony Music Entertainment Malaysia,ソニーミュージックのマレーシア拠点。シンガポール・ベトナムと同じ統括のもとにある。,配信データからのヒット予測、マーケティング素材の多言語での自動生成、日本のソニーグループとの橋渡しを提案できる。音楽制作の経験と日本語力の両方が強みになる。,"AI Consultant, Digital Marketing, Data Analytics, Special Projects","Kenny Ong – Managing Director, Malaysia, Vietnam, Singapore & Special Projects SEA (c.2023; current status unconfirmed)",https://www.musicweek.com/labels/read/sony-music-names-kenny-ong-as-md-for-malaysia-vietnam-singapore-special-projects-southeast-asia/089189 https://www.marketing-interactive.com/Sony-Music-Entertainment-picks-new-MD-Malaysia-Singapore-Vietnam,https://www.linkedin.com/search/results/companies/?keywords=Sony%20Music%20Entertainment%20Malaysia,A
音楽・ライブ・イベント,Music Authors' Copyright Protection (MACP) Berhad,マレーシアの作詞家・作曲家の著作権を管理する団体。2026年にはAIより人間の創作を守る方針を打ち出した。,楽曲が使われたかの照合や分配作業の自動化、AI生成楽曲の検出の方針づくりを支援できる。作曲家（権利者）の立場で話せるので、AIに慎重な組織とも信頼を築きやすい。,"AI Policy Advisor, Licensing Operations, Data/Royalty Distribution, Technology Consultant",Mary Yap – CEO (2026) / Datuk M. Nasir – Chairman (2025-26) / Lucas Lai – Chief Operations Officer (2025-26),https://www.nst.com.my/amp/lifestyle/groove/2026/03/1396740/showbiz-macp-champions-human-creativity-over-ai-line https://www.dailyexpress.com.my/news/283872/preventing-music-theft-by-ai-firms/ https://macp.com.my/newsevents/view/Clarification%20on%20Position%20Regarding%20the%20Copyright%20%28Collective%20Management%20Organizations%29%202025%20Guidelines,https://www.linkedin.com/search/results/companies/?keywords=Music%20Authors%27%20Copyright%20Protection%20MACP,A
音楽・ライブ・イベント,Malaysian Philharmonic Orchestra / Dewan Filharmonik Petronas,ペトロナスツインタワー内のコンサートホールと、そこを本拠とする国立級のオーケストラ。2025年から広上淳一が音楽監督。,定期会員の離脱予測、演目別の集客分析、多言語のプログラムノート生成を提案できる。フルート奏者としての経験と、日本人の音楽監督がいる点が接点になる。,"AI Consultant, Audience Development, Marketing & Ticketing Analytics, Digital Content",Hassina Begam Abdul Gani – CEO (Jan 2025) / Siti Azlina Abdul Latif – Chairman (Apr 2025; a 2026 programme reportedly lists her as CEO – unconfirmed),https://malaymail.com/news/life/2025/01/21/maestro-junichi-hirokami-takes-baton-as-malaysian-philharmonics-new-music-director/164112 https://www.nst.com.my/amp/lifestyle/groove/2025/04/1198973/showbiz-dfp-welcomes-new-chairman-and-board-directors https://www.malaymail.com/news/showbiz/2025/06/08/from-anime-and-film-scores-to-heritage-music-how-the-malaysian-philharmonic-orchestra-is-winning-over-new-audiences/178221,https://www.linkedin.com/search/results/companies/?keywords=Malaysian%20Philharmonic%20Orchestra,B
音楽・ライブ・イベント,UnUsUaL Productions Malaysia Sdn Bhd,シンガポール上場のUnUsUaL Limitedの完全子会社。JJ Linなど中華圏アーティストの公演を制作。,舞台制作の工程管理、機材・人員の手配の最適化、中華圏のファンに向けた多言語販促の自動化を支援できる。編曲家として本番の現場の流れが分かることが強み。,"AI Consultant, Production Operations, Business Development, Marketing","Leslie Ong – Co-founder, UnUsUaL group / Johnny Ong – Co-founder, UnUsUaL group (SGX filings, 2017-2023)",https://links.sgx.com/1.0.0/corporate-announcements/9R7O9ALIRDJ5E8OS/760287_UnUsUaL%20Limited_Press%20Release_FY2023%20Final.pdf https://links.sgx.com/1.0.0/corporate-announcements/FS4KO8613S5Y8V7Q/724757_Press%20Release%20-%20JJ%20Lin%20JJ20%20World%20Tour.pdf,https://www.linkedin.com/search/results/companies/?keywords=UnUsUaL%20Productions%20Malaysia,B
音楽・ライブ・イベント,Star Planet,2002年創業。中華圏・国内アーティストのコンサートを手がける大手プロモーター（ジャッキー・チュンの公演など）。,中国語・英語・マレー語でのファン対応チャットボットや、販売データからの追加公演の判断を支援できる。,"AI Consultant, Marketing, Ticketing & CRM, Operations",,https://starplanet.com.my/show/crazyforlive-encore2/ https://top10malaysia.com/another-mega-concert-starplanet-strikes-again-with-jacky-cheung-concert/ https://twentytwo13.my/beat-goes-on-gloomy-economy-but-tickets-for-live-acts-in-malaysia-selling-like-hotcakes/,https://www.linkedin.com/search/results/companies/?keywords=Star%20Planet%20Malaysia,B
音楽・ライブ・イベント,Hitman Solutions (Hitman Group),Arijit Singh、Ne-Yo、BABYMETALなどを招聘するマレーシアの公演主催会社。,ジャンルごとのファン層を分析して招聘先を選ぶ支援や、広告の配分の最適化を提案できる。BABYMETALなど日本のアーティストの招聘でも日本語が役立つ。,"AI Consultant, Marketing Analytics, Artist Booking Support, Operations",Rohit Rampal – Founder & CEO (2024),https://www.bandwagon.asia/articles/bollywood-s-hottest-playback-singer-arijit-singh-returns-to-malaysia-for-a-blockbuster-concert https://www.malaymail.com/news/showbiz/2024/10/16/will-2025-be-a-big-year-for-international-live-concerts-in-malaysia-start-saving-up-local-organisers-say-yes/151672,https://www.linkedin.com/search/results/companies/?keywords=Hitman%20Solutions,B
音楽・ライブ・イベント,"Arts, Live Festival and Events Association (ALIFE)",マレーシアのライブ・フェス・イベント業界の団体。,業界全体に向けたAI活用の勉強会や指針づくりを持ちかければ、加盟する主催会社各社と一度につながれる。,"AI Advisor, Industry Programme Speaker, Committee Member",Rizal Kamal – President (2025),https://www.thevibes.com/articles/culture/127580/alife-calls-for-one-stop-centre-to-manage-and-market-concerts https://www.iqmagazine.com/?p=451174,https://www.linkedin.com/search/results/companies/?keywords=Arts%20Live%20Festival%20and%20Events%20Association%20ALIFE,B
音楽・ライブ・イベント,Sarawak Tourism Board (Rainforest World Music Festival),世界音楽祭「Rainforest World Music Festival」を主催するサラワク州の観光局。第29回は2026年6月26〜28日。,海外から来る客の分析や多言語での案内の自動化、出演者の音源アーカイブ化を提案できる。ワールドミュージックの演奏・編曲の経験が直接活きる。,"AI Consultant, Festival Digital Lead, Tourism Data Analytics, Marketing","Sharzede Datu Haji Salleh Askor – CEO, Sarawak Tourism Board (2025)",https://stb.sarawak.gov.my/web/subpage/news_view/116 https://www.businesstoday.com.my/2025/07/01/rainforest-festival-brings-the-world-together-and-back-again-in-2026/ https://www.theborneopost.com/2025/09/29/rwmf-returns-next-year-from-june-26-28/,https://www.linkedin.com/search/results/companies/?keywords=Sarawak%20Tourism%20Board,B
音楽・ライブ・イベント,Malaysia International Trade and Exhibition Centre (MITEC),クアラルンプールの大型展示会・コンベンション会場。,展示会の来場者の動線分析、出展者向けの問い合わせ対応AI、ホール稼働率の予測を提案できる。,"AI Consultant, Digital Transformation, Sales & Marketing Analytics, Operations",Mala Dorasamy – CEO (2025),https://mixmeetings.com/venues/dorasamy-takes-chief-executive-role-at-mitec/ https://mitec.com.my/media/press-release/mitec-wraps-up-a-remarkable-2024-gearing-up-for-an-exciting-2025-filled-with-growth-and-innovation,https://www.linkedin.com/search/results/companies/?keywords=MITEC%20Malaysia,B
音楽・ライブ・イベント,Kuala Lumpur Convention Centre,KLCCにあるMICE会場。2025年に20周年。コンサート（MPOとの共演など）も開かれる。,国際会議の誘致資料・提案書の自動作成、イベント期間中の多言語案内AI、需要予測を提案できる。,"AI Consultant, Business Development, Event Technology, Customer Experience",John Burke – General Manager (2025),https://www.klccconventioncentre.com/about/newsroom/press-releases/kuala-lumpur-convention-centre-celebrates-20th-anniversary-with-a-vision-for-a-dynamic-2025 https://ftnnews.com/travel-news/mice/kuala-lumpur-convention-centre-wins-six-major-events-in-h1-2025/,https://www.linkedin.com/search/results/companies/?keywords=Kuala%20Lumpur%20Convention%20Centre,B
音楽・ライブ・イベント,TicketCharge,大型コンサートで使われるマレーシアの主要チケット販売プラットフォームの一つ。,アクセスが集中したときの待ち行列制御、転売・ボット検知、サポートの自動化を提案できる。,"AI Consultant, Product/Engineering, Fraud & Risk Analytics, Customer Support Lead",,https://www.malaymail.com/amp/news/malaysia/2025/08/10/ministries-join-up-to-crack-down-on-sky-high-concert-ticket-resales-as-scalpers-run-wild/187133,https://www.linkedin.com/search/results/companies/?keywords=TicketCharge,B
音楽・ライブ・イベント,Warner Music Malaysia,ワーナーミュージックのマレーシア法人。,A&Rのデータ分析、SNS向けの短尺コンテンツ制作の効率化、AI楽曲の権利ポリシーづくりを支援できる。作曲家の視点が活きる。,"AI Consultant, Digital Marketing, A&R Analytics",,https://www.musicbusinessworldwide.com/dinesh-ratnam-appointed-managing-director-of-warner-music-malaysia/ https://marketech-apac.com/warner-music-malaysia-appoints-dinesh-ratnam-as-new-managing-director/,https://www.linkedin.com/search/results/companies/?keywords=Warner%20Music%20Malaysia,B
音楽・ライブ・イベント,Resorts World Genting – Arena of Stars,ゲンティン・ハイランドのコンサート会場。中華圏や国内の大物アーティストが通年で公演する。,公演とホテル・カジノを組み合わせた需要予測やパーソナライズした販促をAIで設計できる。,"AI Consultant, Entertainment Marketing, CRM Analytics",,https://www.rwgenting.com/content/dam/approved/rw-genting/web/images/press-releases/2025/20250929-ada-en.pdf https://www.rwgenting.com/content/dam/approved/rw-genting/web/images/press-releases/2025/20251118-show-en.pdf,https://www.linkedin.com/search/results/companies/?keywords=Resorts%20World%20Genting,B
音楽・ライブ・イベント,Livescape Group,洋上フェス「IT'S THE SHIP」などを手がけた東南アジアの体験型イベント会社。,フェスの運営（物販・飲食・動線）の最適化や、日本・中国での展開に向けた多言語マーケティングを支援できる。,"AI Consultant, Festival Operations, Marketing",Muhammad Iqbal Ameer – Group CEO (2017-2018 sources; current status unconfirmed),https://ey.com/en_my/entrepreneur-of-the-year/ey-entrepreneur-of-the-year-malaysia/past-top-nominees/2017-top-nominees/muhammad-iqbal-ameer-ali https://firstclasse.com.my/tag/livescape-asia,https://www.linkedin.com/search/results/companies/?keywords=Livescape%20Group,C
音楽・ライブ・イベント,Kuala Lumpur Performing Arts Centre (klpac),セントゥルにある2005年開館の舞台芸術センター（The Actors Studio、YTL、Yayasan Budi Penyayangが共同で開設）。,小さい組織向けに、助成金の申請書や広報文の作成、会員管理をAIで省力化する提案ができる。作曲・演奏家として演目の側から関わることもできる。,"AI Consultant (pro bono/advisory), Programming, Marketing",Datuk Faridah Merican – Co-founder (2026) / Joe Hasham – Co-founder (2026),https://en.wikipedia.org/wiki/Kuala_Lumpur_Performing_Arts_Centre https://www.nst.com.my/amp/lifestyle/groove/2026/07/1478795/showbiz-theatre-icon-faridah-merican-unveils-painfully-honest,https://www.linkedin.com/search/results/companies/?keywords=Kuala%20Lumpur%20Performing%20Arts%20Centre,C
音楽・ライブ・イベント,Malaysia Stadium Corporation (Perbadanan Stadium Malaysia) – Axiata Arena / Bukit Jalil,アシアタ・アリーナやブキッ・ジャリル国立競技場を運営する法定機関（政府系）。,施設の予知保全（屋根の雨漏り問題など）や、大型公演の日の入場・群衆管理にAIを使う提案ができる。,"AI Consultant, Facilities Technology, Event Operations",Ilyas Jamil – CEO (2026),https://www.malaymail.com/news/sports/2026/01/03/malaysia-stadium-corp-assures-roof-leaks-condensation-issues-fixed-at-axiata-arena-ahead-of-malaysia-open/204109,https://www.linkedin.com/search/results/companies/?keywords=Perbadanan%20Stadium%20Malaysia,C
音楽・ライブ・イベント,Malaysia Convention & Exhibition Bureau (MyCEB),国際会議・展示会の誘致を担う政府系の機関。,誘致の提案書づくりや市場情報の分析をAIで効率化する提案ができる。MICE各社への紹介の起点にもなる。,"AI Advisor, Market Intelligence, Industry Development",Tan Mei Phing – CEO (2025),https://www.myceb.com.my/about-us/media-centre/press-release/malaysia-convention-exhibition-bureau-appoints-tan-mei-phing-as-ceo https://www.ttgmice.com/?p=62530,https://www.linkedin.com/search/results/companies/?keywords=Malaysia%20Convention%20%26%20Exhibition%20Bureau,C
音楽・ライブ・イベント,Recording Industry Association of Malaysia (RIM),レコード会社の業界団体。チャート運営や音楽賞（AIM）を主催。,チャート集計の自動化、AI楽曲の扱いに関する業界指針づくりを支援できる。,"AI Policy Advisor, Data/Charts",Rosmin Hashim – Chairman (2026),https://thesun.my/news/malaysia-news/people-issues/aim25-adds-two-new-award-categories-for-silver-jubilee/ https://en.wikipedia.org/wiki/Recording_Industry_Association_of_Malaysia,https://www.linkedin.com/search/results/companies/?keywords=Recording%20Industry%20Association%20of%20Malaysia,C
飲食・ホスピタリティ,Berjaya Food Berhad (Starbucks Malaysia),スターバックス・マレーシア等を運営する上場F&B企業。ボイコットで大幅赤字後の立て直し中,来店客数の急変を受けた店舗別の需要予測や閉店・統合の判断、ロイヤルティアプリの顧客ごとの出し分けにAIが使える。顧客の声（SNS・問い合わせ）の感情分析も、彼のTDCXでのCX経験が活きる領域。,"AI Consultant, Data & Analytics Lead, CRM/Loyalty Manager, Digital Transformation Manager","Datuk Sydney Lawrance Quays – CEO, Berjaya Food / ex-MD Berjaya Starbucks (2025)",https://www.nst.com.my/amp/business/corporate/2025/03/1185300/bfood-optimistic-about-earnings-growth-says-starbucks-expansion https://www.malaymail.com/amp/news/money/2025/08/28/berjaya-food-posts-record-rm292m-loss-as-starbucks-malaysia-hit-by-boycott-impact-downsizing/189163,https://www.linkedin.com/search/results/companies/?keywords=Berjaya%20Food%20Berhad,A
飲食・ホスピタリティ,QSR Brands (M) Holdings (KFC / Pizza Hut Malaysia),KFC・ピザハットを運営するマレーシア最大級のQSR。FY2025の売上は31%増,デリバリーやアプリ注文の需要予測、鶏肉の仕込みとロスの最適化、コールセンターと注文チャットのAI化が具体的な対象になる。CIOのいるデジタル部門に、CXとAIの両方を語れる人材として入りやすい。,"AI Consultant, Data Science Manager, Contact Center/CX Transformation Lead, Digital Product Manager",Nehchal Khanna – CEO & Managing Director (2026) / Chong Chin Kan – Group Chief Information Officer (source year unconfirmed),https://qsrbrands.com/qsr-brands-delivers-31-growth-driven-by-innovation-and-strong-governance/ https://www.nst.com.my/amp/business/corporate/2026/01/1364282/qsr-brands-posts-31pct-revenue-growth-kfc-pizza-hut https://www.marketing-interactive.com/tech-in-check-qsr-brands-chief-information-officer-chong-chin-kan,https://www.linkedin.com/search/results/companies/?keywords=QSR%20Brands,A
飲食・ホスピタリティ,ZUS Coffee,"アプリを軸にしたテック型コーヒーチェーン。1,000店を超え、東南アジアへ拡大中",自社アプリの嗜好・購買データを使った新商品開発やレコメンド、クーポンの最適化はAI×DBの研究と直接つながる。フィリピン・タイへの多国展開に伴う多言語の顧客サポートAIも対象。,"AI Consultant, Data Scientist, Growth/CRM Analytics Lead, Product Manager (App)","Venon Tian – Co-founder (Wikipedia; one source says Group COO, another CEO, so the title is unconfirmed)",https://en.wikipedia.org/wiki/Zus_Coffee https://vulcanpost.com/829133/zus-coffee-malaysia-tech-driven-coffee-chain-app https://www.foodbusinessmea.com/zus-coffee-considers-ipo-as-malaysias-coffee-chain-eyes-2027-listing/,https://www.linkedin.com/search/results/companies/?keywords=ZUS%20Coffee,A
飲食・ホスピタリティ,Loob Holding (Tealive / Bask Bear),Tealive・Bask Bear・Gindacoなどを運営する飲料チェーン。中国・インド・タイへ展開,日本ブランド（銀だこ・クロワッサンたい焼き）のライセンス運営と多国展開があるので、日本語と英語の両方ができるAI人材の需要がある。店舗の需要予測、FMCGへの事業拡大に伴うサプライチェーン分析も対象。,"AI Consultant, Data Analytics Lead, Japan Brand Partnership Manager, Supply Chain Analytics",Bryan Loo – Founder & CEO (2025–2026),https://marketech-apac.com/tealive-enters-india-following-loob-holdings-deal-with-devyani-international/ https://www.therakyatpost.com/news/2026/04/22/tealive-delays-ipo-again-due-to-poor-financial-performance/ https://qsrmedia.com/company/loob-holding,https://www.linkedin.com/search/results/companies/?keywords=Loob%20Holding,A
飲食・ホスピタリティ,Marrybrown,マレーシア発のハラール・ファストフード。16か国以上でフランチャイズ展開,国内で40店以上を新しく出す計画があり、出店場所の分析と需要予測にAIが使える。海外フランチャイズの運営標準化（マニュアル・問い合わせ対応AI）も対象。,"AI Consultant, Business Intelligence Manager, Franchise Operations Digital Lead",Daniel Lek Seong Chan – CEO (2025),https://thesun.my/business/local-business/malaysias-marrybrown-expands-global-franchising-presence-to-egypt/ https://marketech-apac.com/marrybrown-brings-back-riang-ramadan-raya-menu-through-bite-sized-storytelling/,https://www.linkedin.com/search/results/companies/?keywords=Marrybrown,B
飲食・ホスピタリティ,Secret Recipe Cakes & Cafe Sdn Bhd,ケーキとカフェの大手チェーン。新しいCEOのもとでデジタル化を推進中,新CEOがデジタル化を任務として掲げているので、提案の入口がある。中央工場でのケーキの生産計画・需要予測と、会員の購買データの活用が具体的な対象。,"AI Consultant, Digital Transformation Manager, Demand Planning Analyst",Patrick Sim – Group CEO (c.2024),https://www.marketing-interactive.com/secret-recipe-elevates-patrick-sim-to-ceo https://www.matrade.gov.my/en/choose-malaysia/directories/malaysian-brands-directory/167-secret-recipe,https://www.linkedin.com/search/results/companies/?keywords=Secret%20Recipe%20Cakes%20%26%20Cafe,B
飲食・ホスピタリティ,Texchem Resources (Sushi King),日本人創業者が率いる複合企業。回転寿司チェーンSushi Kingを運営,日系の経営層なので、日本語と英語の両方で話せるAIコンサルタントの強みが最も効く。回転レーンの廃棄削減と需要予測、店舗の効率化に使える。,"AI Consultant, Operations Excellence Manager, Data Analyst (Food Division)","Tan Sri Fumihiko Konishi – Chairman (Robb Report MY, year unconfirmed) / Dato' Brian Tan – President & Group CEO (BFM, year unconfirmed)",https://www.bfm.my/podcast/morning-run/the-breakfast-grille/bg-brian-tan-texchem-resources-from-chemicals-to-food-the-little-company-that-could https://robbreport.com.my/?p=20271,https://www.linkedin.com/search/results/companies/?keywords=Texchem%20Resources,A
飲食・ホスピタリティ,Fraser & Neave Holdings Bhd,飲料・乳製品の大手上場メーカー。2026年10月に新しいCEOへ交代,CEOが交代した直後は変革の施策が組まれやすい時期。工場とサプライチェーンの需要予測や、販路ごとの売上分析にAIを提案しやすい。,"AI Consultant, Supply Chain Analytics Lead, Digital Transformation Manager",Tarang Gupta – CEO from Oct 1 2026 (2026),https://www.thestar.com.my/business/business-news/2026/09/30/fn-appoints-tarang-gupta-as-ceo https://www.bernama.com/lite/news.php?id=2537204,https://www.linkedin.com/search/results/companies/?keywords=Fraser%20%26%20Neave%20Holdings,B
飲食・ホスピタリティ,Mamee-Double Decker (M) Sdn Bhd,Mamee Monsterで知られるスナック・飲料メーカー。約100か国へ輸出,輸出先が多いので、国ごとの需要予測と生産計画、海外販売代理店のデータ統合にAIが使える。日本市場への輸出を支援する役割もあり得る。,"AI Consultant, Export Analytics Manager, Digital Transformation Lead","Pang Tee Chew – CEO & Managing Director (Wikipedia, year unconfirmed)",https://en.wikipedia.org/wiki/Mamee-Double_Decker https://theedgemalaysia.com/article/mamee-monster-snack-food-founder-pang-chin-hin-passes-away-96,https://www.linkedin.com/search/results/companies/?keywords=Mamee-Double%20Decker,C
飲食・ホスピタリティ,OLDTOWN White Coffee (JDE Malaysia),イポー発祥のホワイトコーヒー。現在はJDE傘下で、カフェとFMCGを展開,イポーに住んでいた経験が関係づくりの話題になる。小売向け商品の需要予測と、カフェ部門の顧客分析にAIを提案できる。,"AI Consultant, Commercial Analytics Manager, Digital Marketing Lead","Fiona Tan – General Manager, JDE Malaysia (2025)",https://marketech-apac.com/oldtown-white-coffee-expands-hot-cold-range-across-asia-in-new-integrated-campaign/ https://en.wikipedia.org/wiki/OldTown_White_Coffee,https://www.linkedin.com/search/results/companies/?keywords=OLDTOWN%20White%20Coffee,B
飲食・ホスピタリティ,Oriental Kopi Holdings Bhd,2025年1月にACE市場へ上場した南洋カフェチェーン。調達資金で店舗を拡大中,上場直後で店舗を広げている最中なので、出店分析・需要予測・POSデータ基盤をまだ作り込める段階にある。小さめの組織なので、AI推進役として入りやすい。,"AI Consultant, Data/BI Manager, Expansion Analytics",Datuk Calvin Chan Jian Chern – Managing Director (2025),https://www.nst.com.my/amp/business/corporate/2025/01/1165044/oriental-kopi-makes-ace-market-debut-71pct-premium-bttv https://www.malaymail.com/amp/news/money/2025/01/06/oriental-kopi-brews-up-rm184m-ipo-eyes-cafe-expansion/162232,https://www.linkedin.com/search/results/companies/?keywords=Oriental%20Kopi,B
飲食・ホスピタリティ,AEON Co. (M) Bhd / AEON360,イオンのマレーシア小売事業。AEON360（会員・データ・デジタルの合弁会社）を設立,AEON360は会員データとデータ活用を担う専門の会社で、AI×DBの経歴と日本語の両方がそのまま活きる。会員の購買データを使ったパーソナライズ、売場とフードコートの需要予測が対象。,"AI Consultant, Data Intelligence Lead, CRM/Membership Analytics, Japan HQ Liaison","Tsugutoshi Seko – Managing Director from Mar 2026 (2026) / Low Ngai Yuen – Managing Director, AEON360 (2025)",https://www.businesstoday.com.my/2026/02/09/aeon-malaysia-promotes-tsugutoshi-seko-as-new-managing-director/ https://ey.com/en_my/entrepreneur-of-the-year/ey-entrepreneur-of-the-year-malaysia/ey-entrepreneur-of-the-year-malaysia-judging-panel/low-ngai-yuen,https://www.linkedin.com/search/results/companies/?keywords=AEON%20Co.%20(M)%20Bhd,A
飲食・ホスピタリティ,Zensho Foods Malaysia Sdn Bhd (Sukiya / Ichiban Ramen),ゼンショーのマレーシア子会社。すき家23店とIchiban Ramen32店を運営（2025年4月時点）,日系の本社と現地の橋渡しができるAI人材が評価されやすい。全国の店舗の需要予測とシフト最適化、日本で使っている仕組みを現地向けに直すことが対象。,"AI Consultant, Operations Improvement Manager, Japan HQ Liaison",,https://en.wikipedia.org/wiki/Sukiya_(restaurant_chain),https://www.linkedin.com/search/results/companies/?keywords=Zensho%20Foods%20Malaysia,B
飲食・ホスピタリティ,Shangri-La Hotels (Malaysia) Berhad,KL・ペナン・コタキナバルのシャングリ・ラを持つ上場ホテル会社。2026年に元マッキンゼーのMDが就任,変革を専門とするMDが就任したばかりで、価格最適化（レベニューマネジメント）や宿泊客対応のAIを提案しやすい。日本人客向けの多言語対応も対象。,"AI Consultant, Revenue Management Analytics, Guest Experience/CX Digital Lead",Lin Diaan Yi – Managing Director (2026),https://theedgemalaysia.com/node/799581 https://api.edgeprop.my/content/1915455/shangri-la-managing-director-christopher-phong-step-down-march-31,https://www.linkedin.com/search/results/companies/?keywords=Shangri-La%20Hotels%20(Malaysia)%20Berhad,A
飲食・ホスピタリティ,YTL Hotels,YTLグループのホテル部門。マレーシア・アジア・英国にラグジュアリーホテルを展開,日本にも資産を持つYTLグループなので、日本人客向けの体験設計や多言語の予約対応AI、ホテル群の価格最適化が対象。,"AI Consultant, Revenue/Data Analytics, Digital Guest Experience","Mark Yeoh Seok Kah – Executive Director, YTL Hotels (MarketScreener, year unconfirmed)",https://www.marketscreener.com/insider/MARK-YEOH-YEOH-A0EHYI/ https://www.breakingtravelnews.com/news/article/ytl-hotels-signs-with-marriott-to-bring-ac-hotels-brand-to-malaysia,https://www.linkedin.com/search/results/companies/?keywords=YTL%20Hotels,B
飲食・ホスピタリティ,Malaysia Airports Holdings Bhd (MAHB),KLIAなど国内空港を運営。Visit Malaysia 2026に向けて業務の効率化を進めている,旅客の流れの予測と混雑の予測、空港内の飲食・小売の売上分析、旅客問い合わせのAI化が対象。CIOはデータサイエンス出身。,"AI Consultant, Data Science Lead, Passenger Experience Digital Manager","Datuk Mohd Izani Ghani – Managing Director (2025–2026) / Vijaykumar Dayinde – Chief Information Officer (GlobalData, year unconfirmed)",https://theedgemalaysia.com/node/743399 https://master.nst.com.my/amp/business/corporate/2024/10/1125172/mahb-chief-mohd-izani-ghani-appointed-%C2%A0influential-aci-board https://www.globaldata.com/company-profile/malaysia-airports-holdings-berhad/executives/,https://www.linkedin.com/search/results/companies/?keywords=Malaysia%20Airports,B
エンタメ系テック・AI,AirAsia MOVE (Capital A),航空券・ホテル・配車をまとめて予約できる旅行アプリ,CEOがAIによるおすすめ、価格の動的設定、AIによる顧客サポートを公に掲げている。TDCXでのサポート経験と、日本市場の旅行者理解の両方が活きる。,"AI Consultant, AI Product Manager, Customer Support Automation Lead, Personalization Data Scientist",Nadia Omer – CEO（2025〜2026年の報道）,https://skift.com/2025/04/30/airasia-move-ceo-skift-asia-forum-speaker-preview/ https://marketech-apac.com/ravi-shankar-mallavarapu-named-cmo-of-airasia-move-notes-desire-to-integrate-ai-in-current-marketing-strategies/ https://marketech-apac.com/nadia-omer-appointed-as-chief-executive-officer-of-airasia-move/,https://www.linkedin.com/company/airasia-move/,A
飲食・ホスピタリティ,Santan (Capital A F&B),エアアジアの機内食ブランドから生まれたF&B事業。地上店舗も展開,機内食と地上店舗の両方の需要予測と食品ロス削減、メニューごとの採算分析にAIが使える。Capital Aのデジタル基盤と連携できる。,"AI Consultant, Demand Forecasting Analyst, F&B Digital Lead","Catherine Goh – CEO, Santan (2025)",https://newsroom.airasia.com/news/santan-crowned-industry-champion-at-aces-awards-2025 https://newsroom.airasia.com/news/2025/5/30/capital-a-financial-results-first-quarter-2025,https://www.linkedin.com/search/results/companies/?keywords=Santan%20AirAsia,B
飲食・ホスピタリティ,Nestlé (Malaysia) Bhd,国内最大級の食品・飲料メーカー。製造とサプライチェーンでAIへの投資を明言,CEOが製造とサプライチェーンのデジタル化・AI化を公に掲げている。需要予測、在庫の最適化、営業データの分析が対象。,"AI Consultant, Supply Chain Data Scientist, Digital Manufacturing Lead",Juan Aranols – CEO (2026),https://www.thestar.com.my/business/business-news/2026/07/29/nestle-optimistic-about-2h-prospects https://thesun.my/business/nestle-malaysia-sees-resilient-fy2026-despite-volatility-q1-profit-up-27,https://www.linkedin.com/search/results/companies/?keywords=Nestl%C3%A9%20Malaysia,C
飲食・ホスピタリティ,Malaysia Aviation Group (Malaysia Airlines),国営航空会社グループ。GoogleとAI（Gemini・Veo）で共同事業計画を結んでいる,AIを組み込んだ顧客体験とパーソナライズしたマーケティングを進めている。顧客対応の自動化と日本市場向けの施策に、CXとAIの両方が分かる人材の需要がある。,"AI Consultant, Customer Experience Digital Lead, Personalization/Marketing Analytics","Dersenish Aresandiran – Chief Commercial Officer, Airlines, MAG (marketech-apac, c.2025)",https://marketech-apac.com/malaysia-airlines-google-deepen-partnership-to-boost-air-travel-through-ai-innovation/ https://www.futuretravelexperience.com/2024/03/malaysia-airlines-announces-collaboration-with-google-harnessing-digital-and-ai-solutions-to-enhance-commercial-operations/,https://www.linkedin.com/search/results/companies/?keywords=Malaysia%20Aviation%20Group,C
エンタメ系テック・AI,Streamline Studios (Streamline Media Group),クアラルンプール本社のゲーム共同開発・制作スタジオ。Street Fighter V、Cyberpunk 2077、Upin & Ipin Universe（2025年）を手がけた,日本拠点もあり、Capcom・Square Enix・Bandai Namcoなど日本の発注元が多い。制作工程（アセット制作・QA・ローカライズ）への生成AI導入を、日英両方で橋渡しする役が刺さる,"AI Pipeline Consultant, Technical Producer, Production Orchestration Lead, Japan Business Development","Alexander Fernandez – Founder & CEO (year n/a) / Richard Cheah – Managing Director, Malaysia HQ (年不明・2022年頃)",https://digitalnewsasia.com/business/streamline-announces-richard-cheah-md-malaysian-studio https://streamline-studios.com/llms.txt https://www.streamline-studios.com/post/announcing-upin-ipin-universe https://www.streamline-studios.com/post/streamline-studios-japan-appoints-new-director-of-studio-rui-kawada,https://www.linkedin.com/company/streamlinestudios/,A
エンタメ系テック・AI,Metronomik Sdn Bhd,音楽とアクションを組み合わせたゲーム『No Straight Roads』のKLのスタジオ。続編がSEA Game Awards 2025で音響・音楽部門を含む4冠,音楽とゲームを組み合わせるスタジオで、作曲家としての経歴とAI×DB研究をいちばんそのまま活かせる。音楽素材・適応型オーディオへのAI導入や制作ツールの相談相手として入る余地がある,"Audio AI Consultant, Technical Sound Designer, Music Systems Designer, R&D Advisor",Wan Hazmer – Co-founder（元FFXVリードゲームデザイナー）(年不明) / Daim Dziauddin – Co-founder (年不明),https://www.unrealengine.com/en-US/developer-interviews/no-straight-roads-innovative-design-fuses-rhythm-based-gameplay-with-dynamic-action https://www.flyfm.audio/malaysian-game-steals-the-show-at-sea-game-awards-2025/amp/,https://my.linkedin.com/company/metronomik-sdn-bhd,A
エンタメ系テック・AI,Passion Republic,マレーシア有数のゲームアート・アニメスタジオ。自社IP『Gigabash』の開発元で、LEVEL UP KL 2025にも出展,受託のアート制作と自社IPの開発を両方抱えているため、アセット量産の効率化と生成AIの権利・品質管理を設計する需要がある,"AI Workflow Consultant, Art Pipeline Lead, Producer",Ng Aik Sern – Founder & President (Crunchbase・年不明),https://vulcanpost.com/805259/passion-republic-malaysia-game-development-studio https://nextrift.com/202541774/ https://www.crunchbase.com/person/aik-sern-ng,https://www.linkedin.com/search/results/companies/?keywords=Passion%20Republic,B
エンタメ系テック・AI,Kurechii,サイバージャヤのインディーゲームスタジオ（Postknight、Tiny Guardians）。マレーシア初のApple Arcade採用,少人数（2〜10名）のスタジオなので、運営中タイトルのデータ分析・ライブ運営・ローカライズにAIを入れると効果が大きい。日本市場向けの展開でも役に立てる,"AI/Data Consultant, LiveOps Analyst, Localization Lead (JP)",P'ng Yi Wei – Founder & Director (年不明),https://toa.edu.my/showcase/story/yiwei/index.php https://digitalnewsasia.com/tags/kurechii-studio,https://www.linkedin.com/company/kurechii,C
エンタメ系テック・AI,Animasia Studio,2005年創業のマレーシアのアニメスタジオ（LA・バンクーバーにも拠点）。2025年に20周年を迎え、『Bola Kampung』をリブート,2D/3Dアニメと音声制作を自社で持っているので、絵コンテ・音声・ローカライズへのAI導入や、IPのデータ活用を提案しやすい,"AI Production Consultant, Creative Technologist, IP/Licensing Data Analyst",Ah Loong – Co-founder & COO (公式サイト・2025頃) / Raye Lee – Executive Director (公式サイト・2025頃),https://animasia-studio.com/malaysias-digital-creative-industry-is-going-global/ https://animasia-studio.com/about-us,https://www.linkedin.com/company/animasia-studio-sdn-bhd,B
エンタメ系テック・AI,TDCX (TDCX Malaysia),シンガポール本社のCX/BPO大手。マレーシア拠点はFrost & Sullivanの2024年CXM賞を受賞し、AIコンサル部門「TDCX AI」を持つ,古巣なので社内事情が分かっていて、紹介も得やすい。TDCX AI（生成AIによるCX改善・FastTrack）は日本語対応のクライアント案件でバイリンガルのAIコンサルを直接必要とする,"AI Consultant (TDCX AI), CX Transformation Lead, Solutions Consultant (Japan accounts)",Laurent Junique – Founder & CEO (theSun・年不明。新事業を立ち上げたと報道あり、現職は要確認),https://customerthink.com/?p=1038077 https://www.businesswire.com/news/home/20230529005058/en https://www.malaymail.com/news/money/mediaoutreach/2024/10/08/tdcx-malaysia-recognized-as-frost-sullivans-2024-malaysian-customer-experience-management-services-company-of-the-year-award/331354 https://www.malaymail.com/news/money/mediaoutreach/2025/05/07/tdcx-retains-rank-as-the-top-southeast-asian-outsourced-cx-provider/379892,https://www.linkedin.com/company/tdcxgroup,A
エンタメ系テック・AI,Grab Malaysia,配車・デリバリーのスーパーアプリ。KLに研究開発センターと地域の拠点（Centre of Excellence）を持つ,マレーシアMDのAdelene Foo氏が国のAI機関（AI Malaysia）の取締役も務めている。官と民のAIの両方に触れる人脈の入口になる,"AI Product Consultant, Data Scientist, Partnerships (AI)","Adelene Foo Yen Ling – Managing Director, Grab Malaysia／AI Malaysia取締役 (2026)",https://www.businesstoday.com.my/2026/09/13/digital-ministry-unveils-a-diverse-board-for-agency-to-oversee-ai-development-in-malaysia/ https://www.marketing-interactive.com/grab-malaysia-hires-its-new-managing-director https://www.marketing-interactive.com/grab-unveils-7th-rd-centre-based-in-kuala-lumpur,https://www.linkedin.com/search/results/companies/?keywords=Grab%20Malaysia,B
エンタメ系テック・AI,CelcomDigi,"マレーシア最大の携帯通信会社（2,000万人超）。2026年2月にAlbern Murty氏がCEOに就任",CEO自身がAIで業務を置き換えると公言していて、顧客対応・法人向けAIの需要が大きい。CXの経験をそのまま持ち込める,"AI Consultant (Enterprise), CX AI Lead, Digital Transformation Manager",Albern Murty – CEO (2026),https://corporate.celcomdigi.com/news/celcomdigi-appoints-albern-murty-as-chief-executive-officer https://www.nst.com.my/amp/business/corporate/2026/02/1375391/albern-murty-named-celcomdigi-group-ceo,https://www.linkedin.com/company/celcomdigi,B
エンタメ系テック・AI,Maxis,大手通信会社。マレーシアの通信会社で唯一のAWS Advanced Tier Partnerで、生成AIの法人向けの実用化に取り組む,AWSと組んで法人顧客に生成AIを提供する事業を持っているので、顧客企業ごとの導入を支えるAIコンサルの役がある,"Enterprise AI Consultant, Solutions Architect (GenAI), Presales",Goh Seow Eng – CEO（2026年8月に取締役兼任）(2026),https://www.businesstoday.com.my/2026/08/13/maxis-appoints-ceo-goh-seow-eng-as-executive-director/ https://www.maxis.com.my/en/about-maxis/newsroom/2024/february/maxis-collaborates-with-amazon-web-services-to-drive-generative-ai-innovation-and-5g-use-cases/,https://www.linkedin.com/search/results/companies/?keywords=Maxis,B
エンタメ系テック・AI,Telekom Malaysia (Unifi / Unifi TV),国営系の総合通信会社。2025年9月にUnifi TVアプリを刷新し、15の配信サービスを束ねた,配信を束ねる事業では、推薦・視聴データ分析・AIアシスタントが利益に直結する。エンタメとデータの両方が分かる人材が合う,"AI/Recommendation Consultant, Content Data Analyst, Product Manager (Unifi TV)",Amar Huzaimi Md Deris – MD / Group CEO (2023年の公式発表),https://www.tm.com.my/news/unifi_tv_30_days_free https://www1.tm.com.my/news/TM_Announces_Upcoming_Change_In_MD_Group_CEO,https://www.linkedin.com/company/telekom-malaysia,C
エンタメ系テック・AI,TNG Digital (Touch 'n Go eWallet),"利用者2,600万人超の電子財布。2025年に初の通年黒字を出し、マレーシア初のフィンテック・ユニコーンに",CEOが、AIエージェントが代わりに買い物・支払いをする仕組み（Ant InternationalのAMP）に参加していると公言している。中小企業向けのAIツール（EPOS360）も動いている,"AI Product Consultant, Agentic Commerce Lead, Data Scientist",Alan Ni – CEO (2026),https://vulcanpost.com/902452/behind-tng-digital-unicorn-status-why-it-matters-for-malaysia https://soyacincau.com/2026/09/11/ant-international-brings-ai-powered-payment-protocol-to-ewallets-including-tng-ewallet/ https://fintechnews.my/60039/videos/tng-ewallet-is-no-longer-a-payments-company-alan-ni-ceo-tng-digital/,https://www.linkedin.com/search/results/companies/?keywords=TNG%20Digital,B
デジタル・エコシステム（公的機関）,MDEC (Malaysia Digital Economy Corporation),デジタル経済の推進機関。アニメ・ゲーム・コンテンツの支援（Digital Content Grant、ASEAN Digital Content Summit）と「AI Nation 2030」を主導,「AIで制作が誰でも速くできるようになった以上、強みはIPを持つことだ」と打ち出していて、エンタメ×AIの政策の中心にいる。CEO交代の時期（2026年10月2日）なので、新体制とつながる好機,"Digital Creative Content Program Manager, AI Adoption Consultant, Industry Development Lead",Anuar Fariz Fadzil – CEO（2026年10月2日に任期満了で退任・後任は未発表）(2026) / Ganesh Bangah – Chairman (2026),https://www.thestar.com.my/business/business-news/2026/09/29/mdec-ceo-anuar-fariz-to-step-down-after-two-year-tenure https://govinsider.asia/intl-en/article/malaysias-digital-economy-bets-on-owning-its-own-stories https://www.businesstoday.com.my/2026/06/19/mdec-appoints-tech-industry-veteran-ganesh-bangah-as-chairman/,https://www.linkedin.com/company/mymdec,A
デジタル・エコシステム（公的機関）,LEVEL UP KL (MDEC主催),"MDECが主催する東南アジア最大級のゲーム開発者会議。2025年は10月6〜8日、20か国以上から2,500人超が参加",組織ではなく場。上のゲーム・アニメ各社の決裁者と一度に会えるので、AI×エンタメの登壇や商談の場として使うのが近道,"Speaker, Business Connection Programme participant, Mentor",,https://www.mdec.my/levelupkl2025 https://nextrift.com/202541774/,https://www.linkedin.com/search/results/companies/?keywords=LEVEL%20UP%20KL,B
デジタル・エコシステム（公的機関）,AI Malaysia Berhad (旧 National AI Office / NAIO),2026年7月28日に発足した国のAI機関。2024年12月にできたNAIOの役割を引き継ぎ、National AI Action Plan 2026–2030を推進,国のAI政策の中心で、取締役会にGrab Malaysia MDなど民間の人がいる。実務の人材や外部の専門家の採用がこれから本格化する,"AI Policy Advisor, AI Adoption Program Lead, Industry Liaison",Aireen Omar – Chairperson (2026) / Adelene Foo Yen Ling – Director (2026) / Shamsul Izhan Abdul Majid (Sam Majid) – NAIO founding CEO (2024–25・AI Malaysiaでの役職は未確認),https://www.businesstoday.com.my/2026/09/13/digital-ministry-unveils-a-diverse-board-for-agency-to-oversee-ai-development-in-malaysia/ https://www.lowyat.net/2026/399891/govt-launches-ai-malaysia-berhad/ https://twentytwo13.my/pm-launches-national-ai-office-future-is-now-says-digital-minister/,https://www.linkedin.com/search/results/companies/?keywords=AI%20Malaysia%20Berhad,B
デジタル・エコシステム（公的機関）,Cradle Fund,財務省傘下のスタートアップ投資・助成機関。2025〜26年にCloudMile・Google Cloudと「AI Master Class」を運営,AIスタートアップを育てる事業を運営していて、メンターや講師として関わり、投資先へつながる入口になる,"AI Mentor, Program Advisor, Venture Partner (AI)",Norman Vanhaecke – Group CEO (2025),https://cloudmile.ai/en/resource_media/CloudMile-and-Cradle-Announce-Inaugural-AI-Master-Class-Participants-Fueling-Malaysias-Startup-Innovation https://www.businesstoday.com.my/2023/11/29/cradle-fund-sdn-bhd-welcomes-norman-matthieu-vanhaecke-as-the-new-group-chief-executive-officer/,https://www.linkedin.com/company/cradlefund/,B
デジタル・エコシステム（公的機関）,MRANTI (旧 MaGIC + Technology Park Malaysia),MaGICとTPMが合併してできた技術の事業化支援機関（MOSTI傘下）。NVIDIAと組んだAI Sandboxを運営,MaGICはすでに単独では存在しない（MRANTIに統合）。AI Sandbox（スタートアップ900社・AI人材1.3万人が目標）が、AIの実証・メンタリングに関わる直接の入口,"AI Sandbox Mentor, Commercialisation Advisor, Program Manager",Ashran Ghazi – CEO（Rais Hussin氏の後任・2025〜）(2025),https://www.digitalnewsasia.com/digital-economy/magic-tpm-now-mranti https://mranti.my/happenings/news/serial-founder-ashran-ghazi-exits-dattel-takes-up-his-second-ceo-stint-in-a-govt-agency-at-mranti https://vulcanpost.com/842032/mranti-appoint-new-ceo-dr-rais-hussin,https://www.linkedin.com/search/results/companies/?keywords=MRANTI,C
